{"cameraMode":{"drawMode":0,"name":"Shaded","section":"Shading Mode"},"sceneLighting":false,"audioPlay":false,"sceneViewState":{"m_AlwaysRefresh":false,"showFog":true,"showSkybox":false,"showFlares":true,"showImageEffects":true,"showParticleSystems":true,"showVisualEffectGraphs":true,"m_FxEnabled":true},"in2DMode":false,"pivot":{"x":4.9603471755981449,"y":8.517260551452637,"z":-4.069129943847656},"rotation":{"x":-0.15649956464767457,"y":-0.42558997869491579,"z":0.07408343255519867,"w":-0.8883737325668335},"size":15.875044822692871,"orthographic":true}