{"cameraMode":{"drawMode":0,"name":"Shaded","section":"Shading Mode"},"sceneLighting":false,"audioPlay":false,"sceneViewState":{"m_AlwaysRefresh":false,"showFog":true,"showSkybox":false,"showFlares":true,"showImageEffects":true,"showParticleSystems":true,"showVisualEffectGraphs":true,"m_FxEnabled":true},"in2DMode":false,"pivot":{"x":0.32375192642211916,"y":5.19090461730957,"z":0.27581167221069338},"rotation":{"x":-0.19822469353675843,"y":-0.5902619957923889,"z":0.15131381154060365,"w":-0.7679234743118286},"size":10.085442543029786,"orthographic":true}