{"cameraMode":{"drawMode":0,"name":"Shaded","section":"Shading Mode"},"sceneLighting":false,"audioPlay":false,"sceneViewState":{"m_AlwaysRefresh":false,"showFog":true,"showSkybox":false,"showFlares":true,"showImageEffects":true,"showParticleSystems":true,"showVisualEffectGraphs":true,"m_FxEnabled":true},"in2DMode":false,"pivot":{"x":0.034111976623535159,"y":0.4308807849884033,"z":0.45359325408935549},"rotation":{"x":-0.14577537775039674,"y":-0.5838918685913086,"z":0.10649731755256653,"w":-0.7917137742042542},"size":1.1359353065490723,"orthographic":true}